<?xml version='1.0' encoding='UTF-8' standalone='yes' ?>
<settings version="169">
  <setting id="23" name="lock_screen_show_notifications" value="1" package="android" defaultValue="1" defaultSysSet="true" />
  <setting id="32" name="unknown_sources_default_reversed" value="1" package="android" defaultValue="1" defaultSysSet="true" />
  <setting id="116" name="tst_support" value="0" package="com.android.updater" defaultValue="0" defaultSysSet="true" />
  <setting id="96" name="com_miui_applicationlock_fingerprint_upgrade" value="1" package="com.miui.securitycenter" defaultValue="1" defaultSysSet="true" />
  <setting id="20" name="immersive_mode_confirmations" value="" package="android" defaultValue="" defaultSysSet="true" />
  <setting id="109" name="default_input_method" value="com.sohu.inputmethod.sogou.xiaomi/.SogouIME" package="android" defaultValue="com.sohu.inputmethod.sogou.xiaomi/.SogouIME" defaultSysSet="true" />
  <setting id="68" name="face_unlock_has_feature" value="0" package="com.miui.face" defaultValue="0" defaultSysSet="true" />
  <setting id="25" name="sleep_timeout" value="-1" package="android" defaultValue="-1" defaultSysSet="true" />
  <setting id="114" name="auto_download" value="1" package="com.android.updater" defaultValue="1" defaultSysSet="true" />
  <setting id="71" name="sell_num_state" value="1" package="com.miui.securitycenter" defaultValue="1" defaultSysSet="true" />
  <setting id="118" name="location_providers_allowed" value="gps,network" package="com.miui.yellowpage" defaultValue="" defaultSysSet="true" />
  <setting id="24" name="lock_screen_allow_private_notifications" value="1" package="android" defaultValue="1" defaultSysSet="true" />
  <setting id="112" name="settings_fingerprint_id_prefix_-1640284947" value="Fingerprint1" package="com.android.settings" defaultValue="Fingerprint1" defaultSysSet="true" />
  <setting id="27" name="double_tap_to_wake" value="1" package="android" defaultValue="1" defaultSysSet="true" />
  <setting id="10" name="speak_password" value="1" package="android" defaultValue="1" defaultSysSet="true" />
  <setting id="89" name="SILENT_MODE_FOR_MIUI9" value="3" package="com.android.settings" defaultValue="3" defaultSysSet="true" />
  <setting id="115" name="preview_plan" value="0" package="com.android.updater" defaultValue="0" defaultSysSet="true" />
  <setting id="22" name="wake_gesture_enabled" value="0" package="android" defaultValue="0" defaultSysSet="true" />
  <setting id="127" name="screen_buttons_state" value="0" package="android" defaultValue="0" defaultSysSet="true" />
  <setting id="120" name="key_homelist_cache_deleted" value="1" package="com.miui.securitycenter" defaultValue="1" defaultSysSet="true" />
  <setting id="14" name="screensaver_activate_on_sleep" value="0" package="android" defaultValue="0" defaultSysSet="true" />
  <setting id="35" name="volume_hush_gesture" value="1" package="android" defaultValue="1" defaultSysSet="true" />
  <setting id="113" name="auto_update" value="0" package="com.android.updater" defaultValue="0" defaultSysSet="true" />
  <setting id="84" name="privacy_password_status" value="0" package="com.android.settings" defaultValue="0" defaultSysSet="true" />
  <setting id="67" name="backup_enabled" package="android" />
  <setting id="73" name="fraud_num_state_sim_2" value="1" package="com.miui.securitycenter" defaultValue="1" defaultSysSet="true" />
  <setting id="78" name="gb_handsfree" value="0" package="com.miui.securitycenter" defaultValue="0" defaultSysSet="true" />
  <setting id="19" name="user_setup_complete" value="1" package="android" defaultValue="0" defaultSysSet="true" />
  <setting id="128" name="screen_project_hang_up_on" value="0" package="android" defaultValue="0" defaultSysSet="true" />
  <setting id="60" name="enabled_widgets" value="" package="android" defaultValue="" defaultSysSet="true" />
  <setting id="37" name="manual_ringer_toggle_count" value="0" package="android" defaultValue="0" defaultSysSet="true" />
  <setting id="70" name="agent_num_state" value="1" package="com.miui.securitycenter" defaultValue="1" defaultSysSet="true" />
  <setting id="82" name="enabled_accessibility_services" value="" package="com.lbe.security.miui" defaultValue="" defaultSysSet="true" />
  <setting id="53" name="trust_agents_initialized" value="1" package="android" defaultValue="1" defaultSysSet="true" />
  <setting id="93" name="gamebooster_data_migration" value="1" package="com.miui.securitycenter" defaultValue="1" defaultSysSet="true" />
  <setting id="11" name="lockscreen.disabled" value="0" package="android" defaultValue="0" defaultSysSet="true" />
  <setting id="40" name="enabled_notification_assistant" value="com.google.android.ext.services/android.ext.services.notification.Assistant" package="android" defaultValue="com.google.android.ext.services/android.ext.services.notification.Assistant" defaultSysSet="true" />
  <setting id="44" name="fw_fsgesture_support_superpower" value="1" package="android" defaultValue="1" defaultSysSet="true" />
  <setting id="43" name="lock_screen_owner_info_enabled" value="0" package="android" defaultValue="0" defaultSysSet="true" />
  <setting id="64" name="voice_assist_completed" value="0" package="com.miui.voicetrigger" defaultValue="0" defaultSysSet="true" />
  <setting id="55" name="selected_spell_checker_subtype" value="0" package="android" defaultValue="0" defaultSysSet="true" />
  <setting id="97" name="clear_smarttravel_permission_flag" value="1" package="com.miui.securitycenter" defaultValue="1" defaultSysSet="true" />
  <setting id="91" name="key_is_in_miui_sos_mode" value="0" package="com.android.settings" defaultValue="0" defaultSysSet="true" />
  <setting id="8" name="long_press_timeout" value="400" package="android" defaultValue="400" defaultSysSet="true" />
  <setting id="122" name="screen_project_small_window_on" value="0" package="com.milink.service" defaultValue="0" defaultSysSet="true" />
  <setting id="52" name="sysui_tuner_version" value="1" package="com.android.systemui" defaultValue="1" defaultSysSet="true" />
  <setting id="79" name="gb_boosting" value="0" package="com.miui.securitycenter" defaultValue="0" defaultSysSet="true" />
  <setting id="62" name="xspace_enabled" value="0" package="android" defaultValue="0" defaultSysSet="true" />
  <setting id="80" name="disable_voicetrigger" value="0" package="com.miui.securitycenter" defaultValue="0" defaultSysSet="true" />
  <setting id="34" name="notification_badging" value="1" package="android" defaultValue="1" defaultSysSet="true" />
  <setting id="15" name="screensaver_components" value="com.google.android.deskclock/com.android.deskclock.Screensaver" package="android" defaultValue="com.google.android.deskclock/com.android.deskclock.Screensaver" defaultSysSet="true" />
  <setting id="18" name="accessibility_display_magnification_scale" value="2.0" package="android" defaultValue="2.0" defaultSysSet="true" />
  <setting id="36" name="hush_gesture_used" value="0" package="android" defaultValue="0" defaultSysSet="true" />
  <setting id="13" name="screensaver_activate_on_dock" value="1" package="android" defaultValue="1" defaultSysSet="true" />
  <setting id="3" name="backup_transport" value="com.google.android.gms/.backup.BackupTransportService" package="android" defaultValue="com.google.android.gms/.backup.BackupTransportService" defaultSysSet="true" />
  <setting id="49" name="cast_mode_package" value="" package="android" defaultValue="" defaultSysSet="true" />
  <setting id="72" name="harass_num_state" value="1" package="com.miui.securitycenter" defaultValue="1" defaultSysSet="true" />
  <setting id="95" name="key_app_lock_state_data_migrated" value="1" package="com.miui.securitycenter" defaultValue="1" defaultSysSet="true" />
  <setting id="111" name="input_methods_subtype_history" value="com.sohu.inputmethod.sogou.xiaomi/.SogouIME;1802354156:com.miui.securityinputmethod/.latin.LatinIME;-1573262419" package="android" defaultValue="com.sohu.inputmethod.sogou.xiaomi/.SogouIME;1802354156:com.miui.securityinputmethod/.latin.LatinIME;-1573262419" defaultSysSet="true" />
  <setting id="66" name="global_voice_trigger_enabled" value="0" package="com.miui.voicetrigger" defaultValue="0" defaultSysSet="true" />
  <setting id="1" name="mock_location" value="0" package="android" defaultValue="0" defaultSysSet="true" />
  <setting id="121" name="key_score_in_security" value="81" package="com.miui.securitycenter" defaultValue="81" defaultSysSet="true" />
  <setting id="50" name="bluetooth_name" value="QCOM-BTD" package="android" defaultValue="QCOM-BTD" defaultSysSet="true" />
  <setting id="33" name="autofill_service" value="com.miui.contentcatcher/.autofill.services.MiuiAutofillService" package="android" defaultValue="com.miui.contentcatcher/.autofill.services.MiuiAutofillService" defaultSysSet="true" />
  <setting id="30" name="sync_parent_sounds" value="1" package="android" defaultValue="1" defaultSysSet="true" />
  <setting id="12" name="screensaver_enabled" value="1" package="android" defaultValue="1" defaultSysSet="true" />
  <setting id="90" name="snoozed_schedule_condition_provider" value="" package="android" defaultValue="" defaultSysSet="true" />
  <setting id="4" name="mount_play_not_snd" value="1" package="android" defaultValue="1" defaultSysSet="true" />
  <setting id="7" name="mount_ums_notify_enabled" value="1" package="android" defaultValue="1" defaultSysSet="true" />
  <setting id="88" name="quiet_mode_enable" value="0" package="com.android.settings" defaultValue="0" defaultSysSet="true" />
  <setting id="83" name="privacy_mode_enabled" value="0" package="com.android.settings" defaultValue="0" defaultSysSet="true" />
  <setting id="26" name="android_id" value="59a735f02eb4486c" package="android" defaultValue="59a735f02eb4486c" defaultSysSet="true" />
  <setting id="119" name="status_bar_notification_shade_shortcut" value="1" package="com.android.settings" defaultValue="1" defaultSysSet="true" />
  <setting id="9" name="touch_exploration_enabled" value="0" package="android" defaultValue="0" defaultSysSet="true" />
  <setting id="65" name="enabled_notification_listeners" value="com.xiaomi.xmsf/com.xiaomi.xmsf.push.service.notificationcollection.NotificationListener" package="com.xiaomi.xmsf" defaultValue="com.xiaomi.xmsf/com.xiaomi.xmsf.push.service.notificationcollection.NotificationListener" defaultSysSet="true" />
  <setting id="48" name="cast_mode" value="0" package="android" defaultValue="0" defaultSysSet="true" />
  <setting id="94" name="applock_countDownTimer_deadline" value="0" package="com.miui.securitycenter" defaultValue="0" defaultSysSet="true" />
  <setting id="77" name="gb_notification" value="0" package="com.miui.securitycenter" defaultValue="0" defaultSysSet="true" />
  <setting id="41" name="enabled_notification_policy_access_packages" value="com.google.android.apps.wellbeing" package="android" defaultValue="com.google.android.apps.wellbeing" defaultSysSet="true" />
  <setting id="107" name="selected_input_method_subtype" value="-1" package="android" defaultValue="-1" defaultSysSet="true" />
  <setting id="6" name="mount_ums_prompt" value="1" package="android" defaultValue="1" defaultSysSet="true" />
  <setting id="86" name="password_has_promotioned" value="0" package="com.android.settings" defaultValue="0" defaultSysSet="true" />
  <setting id="54" name="selected_spell_checker" value="" package="android" defaultValue="" defaultSysSet="true" />
  <setting id="16" name="screensaver_default_component" value="com.google.android.deskclock/com.android.deskclock.Screensaver" package="android" defaultValue="com.google.android.deskclock/com.android.deskclock.Screensaver" defaultSysSet="true" />
  <setting id="5" name="mount_ums_autostart" value="0" package="android" defaultValue="0" defaultSysSet="true" />
  <setting id="51" name="systemui_fsgesture_support_superpower" value="1" package="com.android.systemui" defaultValue="1" defaultSysSet="true" />
  <setting id="76" name="harass_num_state_sim_2" value="1" package="com.miui.securitycenter" defaultValue="1" defaultSysSet="true" />
  <setting id="124" name="screen_project_private_on" value="1" package="com.milink.service" defaultValue="1" defaultSysSet="true" />
  <setting id="92" name="gamebooster_remove_desktop_icon" value="1" package="com.miui.securitycenter" defaultValue="1" defaultSysSet="true" />
  <setting id="81" name="sms_default_application" value="com.android.mms" package="com.android.phone" defaultValue="com.android.mms" defaultSysSet="true" />
  <setting id="31" name="install_non_market_apps" value="1" package="android" defaultValue="1" defaultSysSet="true" />
  <setting id="28" name="show_ime_with_hard_keyboard" value="0" package="android" defaultValue="0" defaultSysSet="true" />
  <setting id="47" name="accessibility_enabled" value="0" package="android" defaultValue="0" defaultSysSet="true" />
  <setting id="63" name="sound_trigger_support" value="-1" package="com.miui.voicetrigger" defaultValue="-1" defaultSysSet="true" />
  <setting id="29" name="multi_press_timeout" value="300" package="android" defaultValue="300" defaultSysSet="true" />
  <setting id="17" name="accessibility_display_magnification_enabled" value="0" package="android" defaultValue="0" defaultSysSet="true" />
  <setting id="87" name="auto_fill_service_set_up" value="1" package="com.android.settings" defaultValue="1" defaultSysSet="true" />
  <setting id="74" name="agent_num_state_sim_2" value="1" package="com.miui.securitycenter" defaultValue="1" defaultSysSet="true" />
  <setting id="69" name="fraud_num_state" value="1" package="com.miui.securitycenter" defaultValue="1" defaultSysSet="true" />
  <setting id="38" name="key_long_press_volume_down" value="none" package="android" defaultValue="none" defaultSysSet="true" />
  <setting id="42" name="enable_miui_ime_bottom_view" value="0" package="android" defaultValue="0" defaultSysSet="true" />
  <setting id="75" name="sell_num_state_sim_2" value="1" package="com.miui.securitycenter" defaultValue="1" defaultSysSet="true" />
  <setting id="85" name="privacy_password_status_is_record" value="1" package="com.android.settings" defaultValue="1" defaultSysSet="true" />
  <setting id="129" name="screen_project_in_screening" value="0" package="android" defaultValue="0" defaultSysSet="true" />
  <setting id="99" name="enabled_input_methods" value="com.sohu.inputmethod.sogou.xiaomi/.SogouIME" package="com.android.settings" defaultValue="com.sohu.inputmethod.sogou.xiaomi/.SogouIME" defaultSysSet="true" />
</settings>
