<?xml version='1.0' encoding='UTF-8' standalone='yes' ?>
<settings version="169">
  <setting id="173" name="sysui_float_version" value="1568401316138" package="com.android.systemui" defaultValue="1568401316138" defaultSysSet="true" />
  <setting id="104" name="mobile_data0" value="0" package="com.android.phone" defaultValue="0" defaultSysSet="true" />
  <setting id="106" name="mobile_data1" value="0" package="com.android.phone" defaultValue="0" defaultSysSet="true" />
  <setting id="44" name="low_battery_sound_timeout" value="0" package="android" defaultValue="0" defaultSysSet="true" />
  <setting id="35" name="car_undock_sound" value="/system/media/audio/ui/Undock.ogg" package="android" defaultValue="/system/media/audio/ui/Undock.ogg" defaultSysSet="true" />
  <setting id="130" name="enable_cellular_on_boot" value="1" package="com.android.phone" defaultValue="1" defaultSysSet="true" />
  <setting id="168" name="development_settings_enabled" value="1" package="com.android.settings" defaultValue="1" defaultSysSet="true" />
  <setting id="10" name="window_animation_scale" value="1.0" package="android" defaultValue="1.0" defaultSysSet="true" />
  <setting id="94" name="multi_sim_data_call" value="1" package="com.android.phone" defaultValue="1" defaultSysSet="true" />
  <setting id="60" name="show_zen_settings_suggestion" value="1" package="android" defaultValue="1" defaultSysSet="true" />
  <setting id="102" name="device_idle_constants" value="inactive_to=900000,idle_after_inactive_to=900000,locating_to=5000,light_idle_to=900000,light_max_idle_to=1800000,min_time_to_alarm=600000" package="com.miui.powerkeeper" defaultValue="inactive_to=900000,idle_after_inactive_to=900000,locating_to=5000,light_idle_to=900000,light_max_idle_to=1800000,min_time_to_alarm=600000" defaultSysSet="true" />
  <setting id="75" name="systemui_fsg_version" value="10" package="com.android.systemui" defaultValue="10" defaultSysSet="true" />
  <setting id="9" name="mode_ringer" value="2" package="android" defaultValue="2" defaultSysSet="true" />
  <setting id="39" name="default_install_location" value="0" package="android" defaultValue="0" defaultSysSet="true" />
  <setting id="24" name="wifi_display_on" value="0" package="android" defaultValue="0" defaultSysSet="true" />
  <setting id="47" name="device_name" value="Infinix GT 10 PRO" package="android" defaultValue="INFINIX GT 10 PRO" defaultSysSet="true" />
  <setting id="87" name="wifi_networks_available_notification_on" value="0" package="com.android.settings" defaultValue="0" defaultSysSet="true" />
  <setting id="118" name="zen_settings_updated" value="1" package="android" defaultValue="1" defaultSysSet="true" />
  <setting id="31" name="dock_sounds_enabled_when_accessbility" value="0" package="android" defaultValue="0" defaultSysSet="true" />
  <setting id="92" name="com.xiaomi.system.devicelock.locked" value="0" package="com.xiaomi.finddevice" defaultValue="0" defaultSysSet="true" />
  <setting id="15" name="bluetooth_on" value="0" package="android" defaultValue="0" defaultSysSet="true" />
  <setting id="20" name="mobile_data" value="0" package="android" defaultValue="0" defaultSysSet="true" />
  <setting id="117" name="network_watchlist_last_report_time" value="1568343600000" package="android" defaultValue="1568343600000" defaultSysSet="true" />
  <setting id="50" name="database_creation_buildid" value="PKQ1.180729.001" package="android" defaultValue="PKQ1.180729.001" defaultSysSet="true" />
  <setting id="40" name="emergency_tone" value="0" package="android" defaultValue="0" defaultSysSet="true" />
  <setting id="174" name="sysui_keyguard_version" value="1568401316142" package="com.android.systemui" defaultValue="1568401316142" defaultSysSet="true" />
  <setting id="116" name="miui_account_login_check" value="0" package="android" defaultValue="0" defaultSysSet="true" />
  <setting id="148" name="miui_new_version" value="9.9.10" package="com.android.updater" defaultValue="9.9.10" defaultSysSet="true" />
  <setting id="58" name="max_sound_trigger_detection_service_ops_per_day" value="1000" package="android" defaultValue="1000" defaultSysSet="true" />
  <setting id="51" name="add_users_when_locked" value="0" package="android" defaultValue="0" defaultSysSet="true" />
  <setting id="37" name="dock_audio_media_enabled" value="1" package="android" defaultValue="1" defaultSysSet="true" />
  <setting id="93" name="ad_aaid" value="0d790c9c-ce2b-4478-aa17-9b7a83682fc4" package="com.miui.systemAdSolution" defaultValue="0d790c9c-ce2b-4478-aa17-9b7a83682fc4" defaultSysSet="true" />
  <setting id="67" name="torch_state" value="0" package="android" defaultValue="0" defaultSysSet="true" />
  <setting id="86" name="adb_enabled" value="0" package="android" defaultValue="0" defaultSysSet="true" />
  <setting id="81" name="can_nav_bar_hide" value="0" package="com.android.systemui" defaultValue="0" defaultSysSet="true" />
  <setting id="27" name="trusted_sound" value="/system/media/audio/ui/Trusted.ogg" package="android" defaultValue="/system/media/audio/ui/Trusted.ogg" defaultSysSet="true" />
  <setting id="26" name="unlock_sound" value="/system/media/audio/ui/Unlock.ogg" package="android" defaultValue="/system/media/audio/ui/Unlock.ogg" defaultSysSet="true" />
  <setting id="2" name="airplane_mode_radios" value="cell,bluetooth,wifi,nfc,wimax" package="android" defaultValue="cell,bluetooth,wifi,nfc,wimax" defaultSysSet="true" />
  <setting id="23" name="wifi_max_dhcp_retry_count" value="9" package="android" defaultValue="9" defaultSysSet="true" />
  <setting id="68" name="auto_test_mode_on" value="0" package="android" defaultValue="0" defaultSysSet="true" />
  <setting id="3" name="airplane_mode_toggleable_radios" value="bluetooth,wifi,nfc" package="android" defaultValue="bluetooth,wifi,nfc" defaultSysSet="true" />
  <setting id="46" name="heads_up_notifications_enabled" value="1" package="android" defaultValue="1" defaultSysSet="true" />
  <setting id="85" name="low_power" value="0" package="android" defaultValue="0" defaultSysSet="true" />
  <setting id="123" name="user_preferred_data_sub" value="1" package="com.android.phone" defaultValue="1" defaultSysSet="true" />
  <setting id="69" name="policy_control" value="immersive.preconfirms=*" package="android" defaultValue="immersive.preconfirms=*" defaultSysSet="true" />
  <setting id="63" name="charging_vibration_enabled" value="1" package="android" defaultValue="1" defaultSysSet="true" />
  <setting id="66" name="zen_mode_ringer_level" value="2" package="android" defaultValue="2" defaultSysSet="true" />
  <setting id="98" name="preferred_network_mode" value="20,20" package="com.android.phone" defaultValue="20,20" defaultSysSet="true" />
  <setting id="52" name="bluetooth_disabled_profiles" value="0" package="android" defaultValue="0" defaultSysSet="true" />
  <setting id="115" name="miui_pre_version_miservice" value="11" package="com.miui.miservice" defaultValue="11" defaultSysSet="true" />
  <setting id="169" name="force_fsg_nav_bar" value="1" package="com.android.settings" defaultValue="1" defaultSysSet="true" />
  <setting id="33" name="desk_undock_sound" value="/system/media/audio/ui/Undock.ogg" package="android" defaultValue="/system/media/audio/ui/Undock.ogg" defaultSysSet="true" />
  <setting id="57" name="zen_duration" value="0" package="android" defaultValue="0" defaultSysSet="true" />
  <setting id="152" name="miui_update_ready" value="1" package="com.android.updater" defaultValue="1" defaultSysSet="true" />
  <setting id="55" name="mobile_data_always_on" value="0" package="android" defaultValue="0" defaultSysSet="true" />
  <setting id="71" name="webview_provider" value="com.google.android.webview" package="android" defaultValue="com.google.android.webview" defaultSysSet="true" />
  <setting id="8" name="wifi_sleep_policy" value="2" package="android" defaultValue="2" defaultSysSet="true" />
  <setting id="30" name="dock_sounds_enabled" value="0" package="android" defaultValue="0" defaultSysSet="true" />
  <setting id="83" name="charging_sounds_enabled" value="0" package="com.android.systemui" defaultValue="0" defaultSysSet="true" />
  <setting id="45" name="wifi_scan_always_enabled" value="1" package="android" defaultValue="1" defaultSysSet="true" />
  <setting id="97" name="preferred_network_mode1" value="20" package="com.android.phone" defaultValue="20" defaultSysSet="true" />
  <setting id="99" name="preferred_network_mode2" value="20" package="com.android.phone" defaultValue="20" defaultSysSet="true" />
  <setting id="103" name="data_roaming1" value="0" package="com.android.phone" defaultValue="0" defaultSysSet="true" />
  <setting id="105" name="data_roaming2" value="0" package="com.android.phone" defaultValue="0" defaultSysSet="true" />
  <setting id="175" name="network_recommendations_enabled" value="1" package="android" defaultValue="1" defaultSysSet="true" />
  <setting id="34" name="car_dock_sound" value="/system/media/audio/ui/Dock.ogg" package="android" defaultValue="/system/media/audio/ui/Dock.ogg" defaultSysSet="true" />
  <setting id="80" name="hide_nav_bar" value="0" package="com.android.systemui" defaultValue="0" defaultSysSet="true" />
  <setting id="59" name="sound_trigger_detection_service_op_timeout" value="15000" package="android" defaultValue="15000" defaultSysSet="true" />
  <setting id="101" name="netstats_uid_tag_bucket_duration" value="3600000" package="com.miui.securitycenter" defaultValue="3600000" defaultSysSet="true" />
  <setting id="28" name="power_sounds_enabled" value="1" package="android" defaultValue="1" defaultSysSet="true" />
  <setting id="7" name="stay_on_while_plugged_in" value="0" package="android" defaultValue="0" defaultSysSet="true" />
  <setting id="100" name="netstats_uid_bucket_duration" value="3600000" package="com.miui.securitycenter" defaultValue="3600000" defaultSysSet="true" />
  <setting id="107" name="download_manager_recommended_max_bytes_over_mobile" value="2097152" package="com.android.providers.media" defaultValue="1048576" defaultSysSet="true" />
  <setting id="114" name="zen_mode_config_etag" value="-1989822631" package="android" defaultValue="-1989822631" defaultSysSet="true" />
  <setting id="38" name="set_install_location" value="0" package="android" defaultValue="0" defaultSysSet="true" />
  <setting id="65" name="zen_mode" value="0" package="android" defaultValue="0" defaultSysSet="true" />
  <setting id="11" name="transition_animation_scale" value="1.0" package="android" defaultValue="1.0" defaultSysSet="true" />
  <setting id="129" name="cell_on" value="1" package="com.android.phone" defaultValue="1" defaultSysSet="true" />
  <setting id="17" name="data_roaming" value="0" package="android" defaultValue="0" defaultSysSet="true" />
  <setting id="12" name="package_verifier_enable" value="1" package="android" defaultValue="1" defaultSysSet="true" />
  <setting id="84" name="music_in_white_list" value="0" package="com.android.systemui" defaultValue="0" defaultSysSet="true" />
  <setting id="150" name="network_recommendations_package" value="com.google.android.gms" package="android" defaultValue="com.google.android.gms" defaultSysSet="true" />
  <setting id="1" name="theater_mode_on" value="0" package="android" defaultValue="0" defaultSysSet="true" />
  <setting id="16" name="cdma_cell_broadcast_sms" value="1" package="android" defaultValue="1" defaultSysSet="true" />
  <setting id="143" name="miui_permission_check" value="0" package="android" defaultValue="0" defaultSysSet="true" />
  <setting id="128" name="airplane_mode_on" value="0" package="com.android.systemui" defaultValue="0" defaultSysSet="true" />
  <setting id="62" name="zen_settings_suggestion_viewed" value="0" package="android" defaultValue="0" defaultSysSet="true" />
  <setting id="54" name="default_restrict_background_data" value="0" package="android" defaultValue="0" defaultSysSet="true" />
  <setting id="29" name="low_battery_sound" value="/system/media/audio/ui/LowBattery.ogg" package="android" defaultValue="/system/media/audio/ui/LowBattery.ogg" defaultSysSet="true" />
  <setting id="21" name="netstats_enabled" value="1" package="android" defaultValue="1" defaultSysSet="true" />
  <setting id="88" name="wifi_wakeup_enabled" value="0" package="com.android.settings" defaultValue="0" defaultSysSet="true" />
  <setting id="43" name="subscription_mode" value="0" package="android" defaultValue="0" defaultSysSet="true" />
  <setting id="4" name="assisted_gps_enabled" value="1" package="android" defaultValue="1" defaultSysSet="true" />
  <setting id="25" name="lock_sound" value="/system/media/audio/ui/Lock.ogg" package="android" defaultValue="/system/media/audio/ui/Lock.ogg" defaultSysSet="true" />
  <setting id="153" name="com.android.settings.superscript_map" value="0" package="com.android.settings" defaultValue="0" defaultSysSet="true" />
  <setting id="6" name="auto_time_zone" value="1" package="android" defaultValue="1" defaultSysSet="true" />
  <setting id="131" name="wifi_on" value="1" package="android" defaultValue="1" defaultSysSet="true" />
  <setting id="56" name="wireless_charging_started_sound" value="/system/media/audio/ui/charging.ogg" package="android" defaultValue="/system/media/audio/ui/charging.ogg" defaultSysSet="true" />
  <setting id="18" name="device_provisioned" value="1" package="android" defaultValue="0" defaultSysSet="true" />
  <setting id="73" name="emergency_affordance_needed" value="0" package="android" defaultValue="0" defaultSysSet="true" />
  <setting id="137" name="auto_time" value="1" package="com.android.settings" defaultValue="1" defaultSysSet="true" />
  <setting id="22" name="usb_mass_storage_enabled" value="1" package="android" defaultValue="1" defaultSysSet="true" />
  <setting id="77" name="enable_screen_on_proximity_sensor" value="1" package="android" defaultValue="1" defaultSysSet="true" />
  <setting id="91" name="multi_sim_sms" value="1" package="com.android.phone" defaultValue="1" defaultSysSet="true" />
  <setting id="154" name="com.android.settings.superscript_count" value="0" package="com.android.settings" defaultValue="0" defaultSysSet="true" />
  <setting id="41" name="call_auto_retry" value="0" package="android" defaultValue="0" defaultSysSet="true" />
  <setting id="82" name="force_immersive_nav_bar" value="0" package="com.android.systemui" defaultValue="0" defaultSysSet="true" />
  <setting id="95" name="audio_safe_volume_state" value="3" package="android" defaultValue="3" defaultSysSet="true" />
  <setting id="171" name="boot_count" value="8" package="android" defaultValue="8" defaultSysSet="true" />
  <setting id="32" name="desk_dock_sound" value="/system/media/audio/ui/Dock.ogg" package="android" defaultValue="/system/media/audio/ui/Dock.ogg" defaultSysSet="true" />
</settings>
