{
  "O1_asic": "Xiaomi XRING O1",
  "T1_asic": "Xiaomi XRING T1",
  "Tensor G5": "Google Tensor G5",
  "gs301": "Google Tensor G3",
  "GS301": "Google Tensor G3",
  "Tensor G3": "Google Tensor G3",
  "Tensor G4": "Google Tensor G4",
  "Tensor3": "Google Tensor G3",
  "Tensor 3": "Google Tensor G3",
  "gs201": "Google Tensor G2",
  "GS201": "Google Tensor G2",
  "Tensor2": "Google Tensor G2",
  "Tensor G2": "Google Tensor G2",
  "Tensor 2": "Google Tensor G2",
  "Tensor": "Google Tensor",
  "SG8175P": "Qualcomm Snapdragon\u2122 G3x Gen 1",
  "Snapdragon\u2122 8 Elite": "Qualcomm Snapdragon\u2122 8 Elite",
  "SM8850-AC": "Qualcomm Snapdragon\u2122 8 Elite Gen 5",
  "SM8850": "Qualcomm Snapdragon\u2122 8 Elite Gen 5",
  "SM8735": "Qualcomm Snapdragon\u2122 8s Gen 4",
  "SM8425": "Qualcomm Snapdragon\u2122 8+ Gen 1 4G",
  "SM7750": "Qualcomm Snapdragon\u2122 7 Gen 4",
  "SM8650-AC": "Qualcomm Snapdragon\u2122 8 Gen 3 for Galaxy",
  "SM8650-AB": "Qualcomm Snapdragon\u2122 8 Gen 3",
  "SM8650": "Qualcomm Snapdragon\u2122 8 Gen 3",
  "SM6650": "Qualcomm Snapdragon\u2122 6 Gen 4",
  "SM6435": "Qualcomm Snapdragon\u2122 6s Gen 4",
  "SM8750P": "Qualcomm Snapdragon\u2122 8 Elite",
  "SM8750-AB": "Qualcomm Snapdragon\u2122 8 Elite",
  "SM8750-AC": "Qualcomm Snapdragon\u2122 8 Elite for Galaxy",
  "SM8750-3-AB": "Qualcomm Snapdragon\u2122 8 Elite",
  "SM8750": "Qualcomm Snapdragon\u2122 8 Elite",
  "gs101": "Google Tensor",
  "SM6375-AC": "Qualcomm Snapdragon\u2122 6s Gen 3",
  "SM6115_NEW": "Qualcomm Snapdragon\u2122 6s Gen 1",
  "SM7635-AC": "Qualcomm Snapdragon\u2122 7s Gen 4",
  "SM7635": "Qualcomm Snapdragon\u2122 7s Gen 3",
  "SM8635": "Qualcomm Snapdragon\u2122 8s Gen 3",
  "SM7675": "Qualcomm Snapdragon\u2122 7+ Gen 3",
  "SM7550-AB": "Qualcomm Snapdragon\u2122 7 Gen 3",
  "SM7550": "Qualcomm Snapdragon\u2122 7 Gen 3",
  "MSM8216": "Qualcomm Snapdragon\u2122 400",
  "QCS8550": "Dragonwing\u2122 QCS8550",
  "SG6275P": "Qualcomm Snapdragon\u2122 G2 Gen2",
  "SC7180P": "Qualcomm Snapdragon\u2122 7c Gen2",
  "QCM4490": "Dragonwing\u2122",
  "QCS4490": "Dragonwing\u2122",
  "MSM8926": "Qualcomm Snapdragon\u2122 400",
  "SXR2230P": "Qualcomm Snapdragon\u2122 XR2 Gen 2",
  "QCM6490": "Qualcomm Snapdragon\u2122 QCM6490",
  "MSM8953": "Qualcomm Snapdragon\u2122 625",
  "SM4450": "Qualcomm Snapdragon\u2122 4 Gen 2",
  "SM4450A": "Qualcomm Snapdragon\u2122 4 Gen 2 Accelerated Edition",
  "SM4635": "Qualcomm Snapdragon\u2122 4s Gen 2",
  "SM7475": "Qualcomm Snapdragon\u2122 7+ Gen 2",
  "SM8550-AC": "Qualcomm Snapdragon\u2122 8 Gen 2 for Galaxy",
  "SM8550-AB": "Qualcomm Snapdragon\u2122 8 Gen 2",
  "SM8550": "Qualcomm Snapdragon\u2122 8 Gen 2",
  "SM7450": "Qualcomm Snapdragon\u2122 7 Gen 1",
  "SM7435": "Qualcomm Snapdragon\u2122 7s Gen 2",
  "SM8475": "Qualcomm Snapdragon\u2122 8+ Gen 1",
  "SM6475-AB": "Qualcomm Snapdragon\u2122 6 Gen 3",
  "SM6475": "Qualcomm Snapdragon\u2122 6 Gen 3",
  "SM8450": "Qualcomm Snapdragon\u2122 8 Gen 1",
  "SM6450": "Qualcomm Snapdragon\u2122 6 Gen 1",
  "SM4375": "Qualcomm Snapdragon\u2122 4 Gen 1",
  "SM8350_AC": "Qualcomm Snapdragon\u2122 888+",
  "SM8350-AC": "Qualcomm Snapdragon\u2122 888+",
  "SM8350": "Qualcomm Snapdragon\u2122 888",
  "SDM870": "Qualcomm Snapdragon\u2122 870",
  "SM8250_AC": "Qualcomm Snapdragon\u2122 870",
  "SM8250-AC": "Qualcomm Snapdragon\u2122 870",
  "SM8250_AB": "Qualcomm Snapdragon\u2122 865+",
  "SM8250-AB": "Qualcomm Snapdragon\u2122 865+",
  "SM8250_Plus": "Qualcomm Snapdragon\u2122 865+",
  "SDM865+": "Qualcomm Snapdragon\u2122 865+",
  "SDM 865": "Qualcomm Snapdragon\u2122 865",
  "SDM865": "Qualcomm Snapdragon\u2122 865",
  "SD865": "Qualcomm Snapdragon\u2122 865",
  "Snapdragon865": "Qualcomm Snapdragon\u2122 865",
  "Qualcomm Technologies, Inc KONA": "Qualcomm Snapdragon\u2122 865",
  "KONA": "Qualcomm Snapdragon\u2122 865",
  "kona": "Qualcomm Snapdragon\u2122 865",
  "SM8250": "Qualcomm Snapdragon\u2122 865",
  "SM7350_AB": "Qualcomm Snapdragon\u2122 780G",
  "SM7350": "Qualcomm Snapdragon\u2122 780",
  "SD780G": "Qualcomm Snapdragon\u2122 780G",
  "SM7325_AE": "Qualcomm Snapdragon\u2122 778G+",
  "SM7325_Plus": "Qualcomm Snapdragon\u2122 778G+",
  "SM7325-AF": "Qualcomm Snapdragon\u2122 782G",
  "SM7325_AF": "Qualcomm Snapdragon\u2122 782G",
  "SDM782G": "Qualcomm Snapdragon\u2122 782G",
  "SM7325": "Qualcomm Snapdragon\u2122 778G",
  "SDM778G": "Qualcomm Snapdragon\u2122 778G",
  "lahaina": "Qualcomm Snapdragon\u2122 778G",
  "LAHAINA": "Qualcomm Snapdragon\u2122 778G",
  "SM7250_AC": "Qualcomm Snapdragon\u2122 768G",
  "SM7250-AC": "Qualcomm Snapdragon\u2122 768G",
  "SDM768": "Qualcomm Snapdragon\u2122 768G",
  "SDM765G": "Qualcomm Snapdragon\u2122 765G",
  "SM7250_AA": "Qualcomm Snapdragon\u2122 765",
  "SM7250-AA": "Qualcomm Snapdragon\u2122 765",
  "SM7250_AB": "Qualcomm Snapdragon\u2122 765G",
  "SM7250-AB": "Qualcomm Snapdragon\u2122 765G",
  "LITO": "Qualcomm Snapdragon\u2122 765G",
  "lito": "Qualcomm Snapdragon\u2122 765G",
  "SDM765": "Qualcomm Snapdragon\u2122 765",
  "SM7225": "Qualcomm Snapdragon\u2122 750G",
  "SDM750G": "Qualcomm Snapdragon\u2122 750G",
  "SDM750": "Qualcomm Snapdragon\u2122 750G",
  "SM7250": "Qualcomm Snapdragon\u2122 76x",
  "SM7150_AC": "Qualcomm Snapdragon\u2122 732G",
  "SM7150-AC": "Qualcomm Snapdragon\u2122 732G",
  "SDM732": "Qualcomm Snapdragon\u2122 732G",
  "SDM730G": "Qualcomm Snapdragon\u2122 730G",
  "SM7150_AB": "Qualcomm Snapdragon\u2122 730G",
  "SM7150-AB": "Qualcomm Snapdragon\u2122 730G",
  "SDM730": "Qualcomm Snapdragon\u2122 730",
  "SM7150_AA": "Qualcomm Snapdragon\u2122 730",
  "SM7150-AA": "Qualcomm Snapdragon\u2122 730",
  "SDMMAGPIE": "Qualcomm Snapdragon\u2122 730",
  "sdmagpie": "Qualcomm Snapdragon\u2122 730",
  "ATOLL-AB": "Qualcomm Snapdragon\u2122 720G",
  "SM7125": "Qualcomm Snapdragon\u2122 720G",
  "SDM720": "Qualcomm Snapdragon\u2122 720G",
  "SDXPRAIRIE": "Qualcomm Snapdragon\u2122 720G",
  "sdxprairie": "Qualcomm Snapdragon\u2122 720G",
  "SM7150": "Qualcomm Snapdragon\u2122 730",
  "SDM712": "Qualcomm Snapdragon\u2122 712",
  "SDM 712": "Qualcomm Snapdragon\u2122 712",
  "SDM710": "Qualcomm Snapdragon\u2122 710",
  "SDM 710": "Qualcomm Snapdragon\u2122 710",
  "SM6375": "Qualcomm Snapdragon\u2122 695",
  "SDM695": "Qualcomm Snapdragon\u2122 695",
  "Snapdragon 695": "Qualcomm Snapdragon\u2122 695",
  "SM6350": "Qualcomm Snapdragon\u2122 690",
  "SDM690": "Qualcomm Snapdragon\u2122 690",
  "SM6225-AD": "Qualcomm Snapdragon\u2122 685",
  "SM6225": "Qualcomm Snapdragon\u2122 680",
  "SDM680": "Qualcomm Snapdragon\u2122 680",
  "SM6150_AC": "Qualcomm Snapdragon\u2122 678",
  "SM6150-AC": "Qualcomm Snapdragon\u2122 678",
  "SDM675": "Qualcomm Snapdragon\u2122 675",
  "SM6150": "Qualcomm Snapdragon\u2122 675",
  "SM6125": "Qualcomm Snapdragon\u2122 665",
  "SDM665": "Qualcomm Snapdragon\u2122 665",
  "trinket": "Qualcomm Snapdragon\u2122 665",
  "TRINKET": "Qualcomm Snapdragon\u2122 665",
  "SM6115": "Qualcomm Snapdragon\u2122 662",
  "SDM662": "Qualcomm Snapdragon\u2122 662",
  "SDM670": "Qualcomm Snapdragon\u2122 670",
  "SDM632": "Qualcomm Snapdragon\u2122 632",
  "SDM 632": "Qualcomm Snapdragon\u2122 632",
  "SDA660": "Qualcomm Snapdragon\u2122 660",
  "SDM660": "Qualcomm Snapdragon\u2122 660",
  "SDM636": "Qualcomm Snapdragon\u2122 636",
  "SDM630": "Qualcomm Snapdragon\u2122 630",
  "holi": "Qualcomm Snapdragon\u2122 480+",
  "SM4350_AC": "Qualcomm Snapdragon\u2122 480+",
  "SM4350_Plus": "Qualcomm Snapdragon\u2122 480+",
  "SM4350-AC": "Qualcomm Snapdragon\u2122 480+",
  "SM4350": "Qualcomm Snapdragon\u2122 480",
  "SDM460": "Qualcomm Snapdragon\u2122 460",
  "SM4250": "Qualcomm Snapdragon\u2122 460",
  "BENGAL": "Qualcomm Snapdragon\u2122 460",
  "bengal": "Qualcomm Snapdragon\u2122 460",
  "SDM450": "Qualcomm Snapdragon\u2122 450",
  "SDA450": "Qualcomm Snapdragon\u2122 450",
  "Qualcomm Technologies, Inc 450": "Qualcomm Snapdragon\u2122 450",
  "SDM 450": "Qualcomm Snapdragon\u2122 450",
  "SDM429": "Qualcomm Snapdragon\u2122 429",
  "SDM 429": "Qualcomm Snapdragon\u2122 429",
  "msm8994": "Qualcomm Snapdragon\u2122 810",
  "msm 8994": "Qualcomm Snapdragon\u2122 810",
  "MSM8994": "Qualcomm Snapdragon\u2122 810",
  "MSM 8994": "Qualcomm Snapdragon\u2122 810",
  "msm8992": "Qualcomm Snapdragon\u2122 808",
  "msm 8992": "Qualcomm Snapdragon\u2122 808",
  "MSM8992": "Qualcomm Snapdragon\u2122 808",
  "MSM 8992": "Qualcomm Snapdragon\u2122 808",
  "apq8084": "Qualcomm Snapdragon\u2122 805",
  "apq 8084": "Qualcomm Snapdragon\u2122 805",
  "APQ 8084": "Qualcomm Snapdragon\u2122 805",
  "APQ8084": "Qualcomm Snapdragon\u2122 805",
  "8074": "Qualcomm Snapdragon\u2122 801",
  "8274-AA": "Qualcomm Snapdragon\u2122 800",
  "8274-AC": "Qualcomm Snapdragon\u2122 801",
  "8674": "Qualcomm Snapdragon\u2122 801",
  "MSM8974PRO-AB": "Qualcomm Snapdragon\u2122 801",
  "MSM8974PRO-AC": "Qualcomm Snapdragon\u2122 801",
  "MSM8974PRO-AA": "Qualcomm Snapdragon\u2122 801",
  "MSM8974": "Qualcomm Snapdragon\u2122 800",
  "msm8974": "Qualcomm Snapdragon\u2122 800",
  "SM8150-AC": "Qualcomm Snapdragon\u2122 860",
  "SM8150_Plus": "Qualcomm Snapdragon\u2122 855+",
  "SM8150P": "Qualcomm Snapdragon\u2122 855+",
  "SM8150-AB": "Qualcomm Snapdragon\u2122 855+",
  "SDM 855": "Qualcomm Snapdragon\u2122 855",
  "SDM855": "Qualcomm Snapdragon\u2122 855",
  "SM8150": "Qualcomm Snapdragon\u2122 855",
  "SDA 845": "Qualcomm Snapdragon\u2122 845",
  "SDM 845": "Qualcomm Snapdragon\u2122 845",
  "SDM845": "Qualcomm Snapdragon\u2122 845",
  "SDA845": "Qualcomm Snapdragon\u2122 845",
  "8976pro": "Qualcomm Snapdragon\u2122 653",
  "8953pro": "Qualcomm Snapdragon\u2122 626",
  "8953 Pro": "Qualcomm Snapdragon\u2122 626",
  "SD626": "Qualcomm Snapdragon\u2122 626",
  "apq8096": "APQ 8096",
  "APQ8096": "APQ 8096",
  "8cx": "Qualcomm Snapdragon\u2122 8cx",
  "SDM640": "Qualcomm Snapdragon\u2122 640",
  "SDM850": "Qualcomm Snapdragon\u2122 850",
  "SDM 850": "Qualcomm Snapdragon\u2122 850",
  "8996lite": "Qualcomm Snapdragon\u2122 820",
  "msm8996": "Qualcomm Snapdragon\u2122 820",
  "MSM8996": "Qualcomm Snapdragon\u2122 820",
  "MSM8996pro": "Qualcomm Snapdragon\u2122 821",
  "8996pro": "Qualcomm Snapdragon\u2122 821",
  "8916v2": "Qualcomm Snapdragon\u2122 412",
  "msm 8974": "Qualcomm Snapdragon\u2122 800",
  "MSM 8974": "Qualcomm Snapdragon\u2122 800",
  "8939v2": "Qualcomm Snapdragon\u2122 616",
  "m7": "Qualcomm Snapdragon\u2122 600",
  "APQ8064 MAKO": "S4 Pro",
  "APQ8064 DEB": "S4 Pro",
  "APQ8064 FLO": "S4 Pro",
  "APQ8064 MTP": "S4 Pro",
  "msm8916": "Qualcomm Snapdragon\u2122 410",
  "msm 8916": "Qualcomm Snapdragon\u2122 410",
  "MSM8916": "Qualcomm Snapdragon\u2122 410",
  "MSM 8916": "Qualcomm Snapdragon\u2122 410",
  "APQ8017": "Qualcomm APQ8017",
  "apq8016": "Qualcomm Snapdragon\u2122 410",
  "apq 8016": "Qualcomm Snapdragon\u2122 410",
  "APQ8016": "Qualcomm Snapdragon\u2122 410",
  "APQ 8016": "Qualcomm Snapdragon\u2122 410",
  "msm8228": "Qualcomm Snapdragon\u2122 400",
  "msm 8228": "Qualcomm Snapdragon\u2122 400",
  "MSM8228": "Qualcomm Snapdragon\u2122 400",
  "MSM 8228": "Qualcomm Snapdragon\u2122 400",
  "msm8210": "Qualcomm Snapdragon\u2122 200",
  "msm 8210": "Qualcomm Snapdragon\u2122 200",
  "MSM8210": "Qualcomm Snapdragon\u2122 200",
  "MSM 8210": "Qualcomm Snapdragon\u2122 200",
  "msm8610": "Qualcomm Snapdragon\u2122 200",
  "msm 8610": "Qualcomm Snapdragon\u2122 200",
  "MSM8610": "Qualcomm Snapdragon\u2122 200",
  "MSM 8610": "Qualcomm Snapdragon\u2122 200",
  "msm8212": "Qualcomm Snapdragon\u2122 200",
  "msm 8212": "Qualcomm Snapdragon\u2122 200",
  "MSM8212": "Qualcomm Snapdragon\u2122 200",
  "MSM 8212": "Qualcomm Snapdragon\u2122 200",
  "msm8612": "Qualcomm Snapdragon\u2122 200",
  "msm 8612": "Qualcomm Snapdragon\u2122 200",
  "MSM8612": "Qualcomm Snapdragon\u2122 200",
  "MSM 8612": "Qualcomm Snapdragon\u2122 200",
  "msm8225": "Qualcomm Snapdragon\u2122 S4 Play",
  "msm 8225": "Qualcomm Snapdragon\u2122 S4 Play",
  "MSM8225": "Qualcomm Snapdragon\u2122 S4 Play",
  "MSM 8225": "Qualcomm Snapdragon\u2122 S4 Play",
  "msm8625": "Qualcomm Snapdragon\u2122 S4 Play",
  "msm 8625": "Qualcomm Snapdragon\u2122 S4 Play",
  "MSM8625": "Qualcomm Snapdragon\u2122 S4 Play",
  "MSM 8625": "Qualcomm Snapdragon\u2122 S4 Play",
  "msm8627": "Qualcomm Snapdragon\u2122 S4 Plus",
  "msm 8627": "Qualcomm Snapdragon\u2122 S4 Plus",
  "MSM8627": "Qualcomm Snapdragon\u2122 S4 Plus",
  "MSM 8627": "Qualcomm Snapdragon\u2122 S4 Plus",
  "msm8230": "Qualcomm Snapdragon\u2122 S4 Plus",
  "msm 8230": "Qualcomm Snapdragon\u2122 S4 Plus",
  "MSM8230": "Qualcomm Snapdragon\u2122 S4 Plus",
  "MSM 8230": "Qualcomm Snapdragon\u2122 S4 Plus",
  "msm8930": "Qualcomm Snapdragon\u2122 S4 Plus",
  "msm 8930": "Qualcomm Snapdragon\u2122 S4 Plus",
  "MSM8930": "Qualcomm Snapdragon\u2122 S4 Plus",
  "MSM 8930": "Qualcomm Snapdragon\u2122 S4 Plus",
  "8060A": "Qualcomm Snapdragon\u2122 S4 Plus",
  "msm8X60": "Qualcomm Snapdragon\u2122 S4 Plus",
  "msm 8X60": "Qualcomm Snapdragon\u2122 S4 Plus",
  "MSM8X60": "Qualcomm Snapdragon\u2122 S4 Plus",
  "MSM 8X60": "Qualcomm Snapdragon\u2122 S4 Plus",
  "msm8960": "Qualcomm Snapdragon\u2122 S4 Plus",
  "msm 8960": "Qualcomm Snapdragon\u2122 S4 Plus",
  "MSM8960": "Qualcomm Snapdragon\u2122 S4 Plus",
  "MSM 8960": "Qualcomm Snapdragon\u2122 S4 Plus",
  "elite": "Qualcomm Snapdragon\u2122 S4 Plus",
  "evita": "Qualcomm Snapdragon\u2122 S4 Plus",
  "ville": "Qualcomm Snapdragon\u2122 S4 Plus",
  "M8260A": "Qualcomm Snapdragon\u2122 S4 Plus",
  "8960T": "Qualcomm Snapdragon\u2122 S4 Plus",
  "8960AB": "Qualcomm Snapdragon\u2122 S4 Pro",
  "QM215": "Qualcomm Snapdragon\u2122 215",
  "ventana": "Nvidia Tegra 2",
  "everest": "Nvidia Tegra 2",
  "stingray": "Nvidia Tegra 2",
  "wingray": "Nvidia Tegra 2",
  "tilapia": "Nvidia Tegra 3",
  "grouper": "Nvidia Tegra 3",
  "cardhu": "Nvidia Tegra 3",
  "endeavour": "Nvidia Tegra 3",
  "tn8": "Nvidia Tegra K1",
  "2450": "Nvidia Tegra K1",
  "shieldtablet": "Nvidia Tegra K1",
  "roth": "Nvidia Tegra 4",
  "Flounder": "Nvidia Tegra K1",
  "flounder": "Nvidia Tegra K1",
  "tegra132": "Nvidia Tegra K1",
  "tegra124": "Nvidia Tegra K1",
  "TEGRA X1": "Nvidia Tegra X1",
  "tegra210_dragon": "Nvidia Tegra X1",
  "tegra": "Nvidia Tegra X1",
  "MT6985W/TCZA": "MediaTek Dimensity 9200+",
  "MT6985W/CZA": "MediaTek Dimensity 9200",
  "MT6985": "MediaTek Dimensity 9200+",
  "MT6993W/CZA": "MediaTek Dimensity 9500",
  "MT6993": "MediaTek Dimensity 9500",
  "MT6991Z/TCZB": "MediaTek Dimensity 9400+",
  "MT8799Z/TNZB": "MediaTek Dimensity 9400+",
  "MT6991Z/CZB": "MediaTek Dimensity 9400",
  "MT6991Z/TCZA": "MediaTek Dimensity 9400+",
  "MT6989T_e": "MediaTek Dimensity 9400e",
  "MT6899Z/TZA": "MediaTek Dimensity 8500",
  "MT6899Z_A/TZA": "MediaTek Dimensity 8500-Ultra",
  "MT6899Z_E/ZA": "MediaTek Dimensity 8400 Ultimate",
  "MT8183": "MediaTek MT8183",
  "MT8168A": "MediaTek MT8168A",
  "MT8169A": "MediaTek MT8169A",
  "MT8161A": "MediaTek MT8161A",
  "MT8186": "MediaTek MT8186",
  "MT8168B": "MediaTek MT8168B",
  "MT8168M": "MediaTek MT8168M",
  "MT8755V/TZB": "MediaTek Dimensity 6100+",
  "MT8755V/TNZB": "MediaTek Dimensity 6300",
  "MT8791V/HZA": "MediaTek MT8791V/HZA",
  "MT6899Z_D/ZA": "MediaTek Dimensity 8450",
  "MT6897Z_E/ZA": "MediaTek Dimensity 8350-Extreme",
  "MT6897Z_F/ZA": "MediaTek Dimensity 8350 Apex",
  "MT6899Z_C/ZA": "MediaTek Dimensity 8400-Turbo",
  "MT6899Z_B/ZA": "MediaTek Dimensity 8400 Max",
  "MT6789V/T": "MediaTek Helio G200",
  "MT6989W/CZA": "MediaTek Dimensity 9300",
  "MT6989W/TCZA": "MediaTek Dimensity 9300",
  "MT8798Z/CNZA": "MediaTek Dimensity 9000",
  "MT8796W/CNZA": "MediaTek Dimensity 9300",
  "MT8796W/TNZA": "MediaTek Dimensity 9300+",
  "MT8792Z/NA": "MediaTek Dimensity 8350",
  "MT8792Z/NB": "MediaTek Dimensity 8350",
  "MT6896Z_B/CZA": "MediaTek Dimensity 8200-Ultimate",
  "MT6896Z_A/CZA": "MediaTek Dimensity 8200-Ultra",
  "MT6899Z_A/ZA": "MediaTek Dimensity 8400 Ultra",
  "MT6899Z/ZA": "MediaTek Dimensity 8400 Ultra",
  "MT6899": "MediaTek Dimensity 8400 Ultra",
  "MT6897Z_D/ZA": "MediaTek Dimensity 8350",
  "MT6897Z_A/ZA": "MediaTek Dimensity 8350",
  "MT6897Z_A/ZA_OLD": "MediaTek Dimensity 8300-Ultra",
  "MT6897Z_B/ZA": "MediaTek Dimensity 8350-Ultimate",
  "MT6897Z/ZA": "MediaTek Dimensity 8300",
  "MT6896Z/CZA": "MediaTek Dimensity 8200",
  "MT6855V/AZA": "MediaTek Dimensity 930",
  "MT6855V/TTZA": "MediaTek Dimensity 7060",
  "MT6855V/ATTZA": "MediaTek Dimensity 7060",
  "MT6895Z_B/TCZA": "MediaTek Dimensity 8100-Ultra",
  "MT6895Z_A/CZA": "MediaTek Dimensity 8000-MAX",
  "MT6895Z_A/TCZA": "MediaTek Dimensity 8100-MAX",
  "MT6895Z/CZA": "MediaTek Dimensity 8000",
  "MT6895Z/TCZA": "MediaTek Dimensity 8100",
  "MT8795Z/TNZA": "MediaTek Dimensity 8100",
  "MT8795": "MediaTek Dimensity 8100",
  "MT6895T": "MediaTek Dimensity 8100",
  "MT6895Z/CZ": "MediaTek Dimensity 8000",
  "MT6895Z/TCZ": "MediaTek Dimensity 8100",
  "MT6895ZB": "MediaTek Dimensity 8100",
  "MT6895": "MediaTek Dimensity 8000 series",
  "MT6891Z_T/CZA": "MediaTek Dimensity 8020",
  "MT6891Z_Z/CZA": "MediaTek Dimensity 8020",
  "MT6893Z_T/CZA": "MediaTek Dimensity 8050",
  "MT6879V_T/ZA": "MediaTek Dimensity 7030",
  "MT6835V/TZB": "MediaTek Dimensity 6300",
  "MT6878V/TFZA": "MediaTek Dimensity 7400X",
  "MT6878V_B/TZA": "MediaTek Dimensity 7400-Ultra",
  "MT6878V_B/ZA": "MediaTek Dimensity 7300-Ultra",
  "MT6878V_E/ZA": "MediaTek Dimensity 7300",
  "MT6878V_E/TZA": "MediaTek Dimensity 7300",
  "MT6878V/ZA": "MediaTek Dimensity 7300",
  "MT6878XXXXXXXX": "MediaTek Dimensity 7300+",
  "MT6878V/TZA": "MediaTek Dimensity 7400",
  "MT6878V_F/ZA": "MediaTek Dimensity 7360",
  "MT6878V_G/ZA": "MediaTek Dimensity 7360-Turbo",
  "MT6878V/FZA": "MediaTek Dimensity 7300X",
  "MT6878V_A/ZA": "MediaTek Dimensity 7300-ENERGY",
  "MT6878": "MediaTek Dimensity 7300 Ultra",
  "MT6858V/ZA": "MediaTek Dimensity 7100",
  "MT6855V/ATZA": "MediaTek Dimensity 7025",
  "MT6855V_A/ATZA": "MediaTek Dimensity 7025 Ultra",
  "MT6896Z_C/CZA": "MediaTek Dimensity 8250",
  "MT6896": "MediaTek Dimensity 8200-Ultra",
  "MT6835T": "MediaTek Dimensity 6300",
  "MT6835V/ZAXXXXXXXXXXXXXXXX": "MediaTek Dimensity 6300+",
  "MT6835V/ZAYYYYYYYYYYYYYYYY": "MediaTek Dimensity 6400 MAX",
  "MT6835V/ZA": "MediaTek Dimensity 6100+",
  "MT6835TT": "MediaTek Dimensity 6400",
  "MT6835": "MediaTek Dimensity 6100+",
  "MT6855G": "MediaTek Dimensity 7020",
  "MT6833V/PNZA": "MediaTek Dimensity 810",
  "MT6833V/NZA": "MediaTek Dimensity 700",
  "MT6833V/ZA": "MediaTek Dimensity 700",
  "MT6020": "MediaTek Dimensity 6020",
  "MT6833G": "MediaTek Dimensity 6020",
  "MT6833GP": "MediaTek Dimensity 6080",
  "MT6833P": "MediaTek Dimensity 810",
  "MT6833": "MediaTek Dimensity 700",
  "MT6893Z_Z/CZA": "MediaTek Dimensity 1300",
  "MT6893Z/CZA-ULTRA": "MediaTek Dimensity 1200-Ultra",
  "MT6893Z_B/CZA": "MediaTek Dimensity 1200 Max",
  "MT6893Z/CZA": "MediaTek Dimensity 1200",
  "MT6893Z_D/CZA": "MediaTek Dimensity 1200",
  "MT6893Z/CZ": "MediaTek Dimensity 1200",
  "MT6893Z_A/CZA": "MediaTek Dimensity 1200-AI",
  "MT6983W/CZA": "MediaTek Dimensity 9000+",
  "MT6983Z/TCZA": "MediaTek Dimensity 9000+",
  "MT6983Z/CZA": "MediaTek Dimensity 9000",
  "MT6983": "MediaTek Dimensity 9000",
  "MT6891Z/CZ": "MediaTek Dimensity 1100",
  "MT6891Z/CZA": "MediaTek Dimensity 1100",
  "MT6891Z": "MediaTek Dimensity 1100",
  "MT6891": "MediaTek Dimensity 1100",
  "MT6886V/TCZA": "MediaTek Dimensity 7350",
  "MT6886V_A/CZA": "MediaTek Dimensity 7200-Ultra",
  "MT6886V/CZA": "MediaTek Dimensity 7200",
  "MT6886V_B/CZA": "MediaTek Dimensity 7200 pro",
  "MT6886": "MediaTek Dimensity 7200",
  "MT6889Z/CZA": "MediaTek Dimensity 1000+",
  "MT6885Z/CZA": "MediaTek Dimensity 1000L",
  "MT6889": "MediaTek Dimensity 1000",
  "MT6883Z/CZA": "MediaTek Dimensity 1000C",
  "MT6879V/TZA": "MediaTek Dimensity 1050",
  "MT6879V/ZA": "MediaTek Dimensity 1050",
  "MT6879V/TTZA": "MediaTek Dimensity 1050",
  "MT6877V_T/TTZA": "MediaTek Dimensity 7050",
  "MT6877V/TTZA": "MediaTek Dimensity 1080",
  "MT6877V/TZA": "MediaTek Dimensity 920",
  "MT6877V/ZA": "MediaTek Dimensity 900",
  "MT6877T": "MediaTek Dimensity 920",
  "MT6877": "MediaTek Dimensity 900",
  "MT6853V/TZA": "MediaTek Dimensity 800U",
  "MT6853V/TNZA": "MediaTek Dimensity 800U",
  "MT6873V/ZA": "MediaTek Dimensity 800",
  "MT6875V/TZA": "MediaTek Dimensity 820",
  "MT6875": "MediaTek Dimensity 820",
  "MT6873": "MediaTek Dimensity 800",
  "MT6853V/ZA": "MediaTek Dimensity 720",
  "MT6853V/NZA": "MediaTek Dimensity 720",
  "MT6853T": "MediaTek Dimensity 800U",
  "MT6781V/CDZAMB-H": "MediaTek Helio G96",
  "MT6781V/CD": "MediaTek Helio G96",
  "MT6781": "MediaTek Helio G96",
  "MT6785V/CD": "MediaTek Helio G95",
  "MT6785V/CC": "MediaTek Helio G90T",
  "MT8789V/CT": "MediaTek Helio G90T",
  "MT8789V/T": "MediaTek MT8789V/T",
  "MT6785V/WU": "MediaTek Helio G90",
  "MT6785V/CU": "MediaTek Helio G90",
  "MT6785V/WB": "MediaTek Helio G90",
  "MT6785V/CB": "MediaTek Helio G90",
  "MT6785V/WV": "MediaTek Helio G90T",
  "MT6785V/CV": "MediaTek Helio G90T",
  "MT6785V/WC": "MediaTek Helio G90T",
  "MT8781V/NA": "MediaTek Helio G99",
  "MT8781J": "MediaTek Helio G100 Ultimate",
  "MT8788": "MediaTek MT8788",
  "MT8781": "MediaTek Helio G99",
  "MT6789G": "G99 Ultra",
  "MT6789V/CD": "MediaTek Helio G99",
  "MT6789H": "MediaTek Helio G100",
  "MT6789TJ": "MediaTek Helio G200 Ultimate",
  "MT6789TI": "MediaTek Helio G200 Ultra",
  "MT6789J": "MediaTek Helio G100 Ultimate",
  "MT6789": "MediaTek Helio G99",
  "MT6769I": "MediaTek Helio G92",
  "MT6769L": "MediaTek Helio G81 Extreme",
  "MT6785": "MediaTek Helio G90 series",
  "MT6769H": "MediaTek Helio G88",
  "MT6769K": "MediaTek Helio G91",
  "MT6769S": "MediaTek Helio G81",
  "MT6769J": "MediaTek Helio G81-Ultra",
  "MT6763V/CE": "MediaTek Helio G85",
  "MT6769V/WZ": "MediaTek Helio G85",
  "MT6769V/CZ": "MediaTek Helio G85",
  "MT6769V/WY": "MediaTek Helio G85",
  "MT6769V/CY": "MediaTek Helio G85",
  "MT6769Z": "MediaTek Helio G85",
  "MT8786V/N": "MediaTek Helio G85",
  "MT8786V/CT": "MediaTek Helio G85",
  "MT8786X": "MediaTek MT8786X",
  "MT6769G": "MediaTek Helio G91 Ultra",
  "MT6769V/WT": "MediaTek Helio G80",
  "MT6769V/CT": "MediaTek Helio G80",
  "MT6769V/WU": "MediaTek Helio G80",
  "MT6769V/CU": "MediaTek Helio G80",
  "MT6769T": "MediaTek Helio G80",
  "MT6769V/WA": "MediaTek Helio G70",
  "MT6769V/CA": "MediaTek Helio G70",
  "MT6769V/WB": "MediaTek Helio G70",
  "MT6768K": "MediaTek Helio G91",
  "MT6768S": "MediaTek Helio G81",
  "MT6768V/CA": "MediaTek Helio G70",
  "MT6769V/CB": "MediaTek Helio G70",
  "MT6769": "MediaTek Helio G85",
  "MT6765V/XBA": "MediaTek Helio G36",
  "MT6765V/XAA": "MediaTek Helio G36",
  "MT6765X": "G50",
  "MT6765V/CB": "MediaTek Helio P35",
  "MT6765V/WB": "MediaTek Helio P35",
  "MT6765H": "MediaTek Helio G37",
  "MT6765G": "MediaTek Helio G35",
  "MT6762G": "MediaTek Helio G25",
  "MT6763": "MediaTek Helio P23",
  "MT6779V/CE": "MediaTek Helio P90",
  "MT6779V/CU": "MediaTek Helio P90",
  "MT6779V/CV": "MediaTek Helio P95",
  "MT6779": "MediaTek Helio P90",
  "MT6771V/WL": "MediaTek Helio P70",
  "MT6771V/CT": "MediaTek Helio P70",
  "MT6771V/WT": "MediaTek Helio P70",
  "MT6768": "MediaTek Helio P65",
  "MT6771V/W": "MediaTek Helio P60",
  "MT6771": "MediaTek Helio P60",
  "MT6765Z": "MediaTek Helio G50",
  "MT6765": "MediaTek Helio P35",
  "MT6758": "MediaTek Helio P30",
  "MT6763T": "MediaTek Helio P23",
  "MT6757CD": "MediaTek Helio P25",
  "MT6757V/WD": "MediaTek Helio P20",
  "MT6757": "MediaTek Helio P20",
  "MT6755S": "MediaTek Helio P18",
  "MT6755T": "MediaTek Helio P15",
  "MT6755": "MediaTek Helio P10",
  "MT6761V/WE": "MediaTek Helio A20",
  "MT6761V/WD": "MediaTek Helio A20",
  "MT6761V/CD": "MediaTek Helio A20",
  "MT6762V/CN": "MediaTek Helio A22",
  "MT6761V/WA": "MediaTek Helio A22",
  "MT6761V/CA": "MediaTek Helio A22",
  "MT6761V/WBB": "MediaTek Helio A22",
  "MT6761V/WB": "MediaTek Helio A22",
  "MT6761V/CB": "MediaTek Helio A22",
  "MT6762V/CB": "MediaTek Helio P22",
  "MT6762V/CA": "MediaTek Helio P22",
  "MT6762V/WR": "MediaTek Helio P22",
  "MT6762V/WD": "MediaTek Helio A25",
  "MT6762V/WA": "MediaTek Helio P22",
  "MT6762V/WB": "MediaTek Helio P22",
  "MT8768WA": "MediaTek MT8768WA",
  "MT8768WE": "MediaTek MT8768WE",
  "MT8765WB": "MediaTek MT8765WB",
  "MT8765WA": "MediaTek MT8765WA",
  "MT8768CT": "MediaTek MT8768CT",
  "MT6762": "MediaTek Helio P22",
  "mt6762": "MediaTek Helio P22",
  "MT8766B": "MediaTek MT8766B",
  "MT8768WT": "MediaTek Helio P22T",
  "MT8768T": "MediaTek Helio P22T",
  "MT8735P": "MediaTek MT8735P",
  "MT8735B": "MediaTek MT8735B",
  "MT6799": "MediaTek Helio X30",
  "MT6795": "MediaTek Helio X10",
  "MT6797X": "MediaTek Helio X27",
  "MT6797T": "MediaTek Helio X25",
  "MT6797D": "MediaTek Helio X23",
  "MT6797M": "MediaTek Helio X20",
  "MT6797": "MediaTek Helio X20",
  "MT6589": "MediaTek MT6589",
  "MT6582M": "MediaTek MT6582M",
  "MT6592M": "MediaTek MT6592M",
  "MT6580": "MediaTek MT6580",
  "MTK6580": "MediaTek MT6580",
  "MT6582": "MediaTek MT6582",
  "MT6588": "MediaTek MT6588",
  "MT6592": "MediaTek MT6592",
  "MT6591": "MediaTek MT6591",
  "MT6595M": "MediaTek MT6595M",
  "MT6595T": "MediaTek MT6595T",
  "MT6732M": "MediaTek MT6732M",
  "MT6735P": "MediaTek MT6735P",
  "MT6735M": "MediaTek MT6735M",
  "MT6738T": "MediaTek MT6738T",
  "MT6595": "MediaTek MT6595",
  "MT6732": "MediaTek MT6732",
  "MT6735": "MediaTek MT6735",
  "MT6738": "MediaTek MT6738",
  "MT6739": "MediaTek MT6739",
  "MT6737T": "MediaTek MT6737",
  "MT6737": "MediaTek MT6737",
  "MT6752": "MediaTek MT6752",
  "MT6753": "MediaTek MT6753",
  "MT6752M": "MediaTek MT6752M",
  "MT6750T": "MediaTek MT6750T",
  "MT6750S": "MediaTek MT6750S",
  "MT6750": "MediaTek MT6750",
  "MT6920": "MediaTek MT6920",
  "MT6570": "MediaTek MT6570",
  "MT": "",
  "Kirin975": "Huawei Kirin 975",
  "Kirin 975": "Huawei Kirin 975",
  "kirin975": "Huawei Kirin 975",
  "Kirin 970": "Huawei Kirin 970",
  "Kirin970": "Huawei Kirin 970",
  "Kirin9000": "Huawei Kirin 9000",
  "kirin970": "Huawei Kirin 970",
  "hi3670": "Huawei Kirin 970/975",
  "Kirin 965": "Huawei Kirin 965",
  "Kirin965": "Huawei Kirin 965",
  "kirin965": "Huawei Kirin 965",
  "Kirin 960": "Huawei Kirin 960",
  "Kirin960": "Huawei Kirin 960",
  "kirin960": "Huawei Kirin 960",
  "hi3660": "Huawei Kirin 960/965",
  "Kirin955": "Huawei Kirin 955",
  "Kirin 955": "Huawei Kirin 955",
  "kirin955": "Huawei Kirin 955",
  "Kirin950": "Huawei Kirin 950",
  "Kirin 950": "Huawei Kirin 950",
  "kirin950": "Huawei Kirin 950",
  "hi3650": "Huawei Kirin 950/955",
  "Kirin 935": "Huawei Kirin 935",
  "Kirin935": "Huawei Kirin 935",
  "kirin935": "Huawei Kirin 935",
  "Kirin 930": "Huawei Kirin 930",
  "Kirin930": "Huawei Kirin 930",
  "kirin930": "Huawei Kirin 930",
  "hi3635": "Huawei Kirin 930/935",
  "Kirin 925": "Huawei Kirin 925",
  "Kirin925": "Huawei Kirin 925",
  "kirin925": "Huawei Kirin 925",
  "Kirin 920": "Huawei Kirin 920",
  "Kirin920": "Huawei Kirin 920",
  "kirin920": "Huawei Kirin 920",
  "hi3630": "Huawei Kirin 920/925",
  "hi6250": "Huawei Kirin 65x",
  "hi6210": "Huawei Kirin 620",
  "Kirin620": "Huawei Kirin 620",
  "kirin620": "Huawei Kirin 620",
  "kirin710f": "Huawei Kirin 710F",
  "kirin710F": "Huawei Kirin 710F",
  "Kirin710": "Huawei Kirin 710",
  "kirin710": "Huawei Kirin 710",
  "Kirin910": "Huawei Kirin 910",
  "kirin910": "Huawei Kirin 910",
  "Kirin820": "Huawei Kirin 820",
  "kirin 810": "Huawei Kirin 810",
  "Kirin810": "Huawei Kirin 810",
  "kirin810": "Huawei Kirin 810",
  "kirin990": "Huawei Kirin 990",
  "Kirin990": "Huawei Kirin 990",
  "kirin 990": "Huawei Kirin 990",
  "kirin 980": "Huawei Kirin 980",
  "Kirin980": "Huawei Kirin 980",
  "kirin980": "Huawei Kirin 980",
  "kirin985": "Huawei Kirin 985",
  "kirin659": "Huawei Kirin 659",
  "kirin8000": "Huawei Kirin 8000",
  "kirin8020": "Huawei Kirin 8020",
  "kirin9020": "Huawei Kirin 8020",
  "kirin9010": "Huawei Kirin 9010",
  "kirin9000s1": "Huawei Kirin 9000S",
  "kirin9000s": "Huawei Kirin 9000S",
  "kirin": "",
  "rk2918": "Rockchip RK2918",
  "rk2926": "Rockchip RK2926",
  "rk2928": "Rockchip RK2928",
  "rk3066": "Rockchip RK3066",
  "rk3026": "Rockchip RK3026",
  "rk3036": "Rockchip RK3036",
  "rk3126": "Rockchip RK3126",
  "rk3128": "Rockchip RK3128",
  "rk3168": "Rockchip RK3168",
  "rk3188": "Rockchip RK3188",
  "rk3188t": "Rockchip RK3188T",
  "rk3229": "Rockchip RK3226",
  "rk3288": "Rockchip RK3288",
  "rk3328": "Rockchip RK3328",
  "rk3368": "Rockchip RK3368",
  "rk3399": "Rockchip RK3399",
  "rk3326": "Rockchip RK3326",
  "rk3588": "Rockchip RK3588",
  "rk3588s": "Rockchip RK3588S",
  "rk3588s2": "Rockchip RK3588S2",
  "rk3588c": "Rockchip RK3588C",
  "rk3582": "Rockchip RK3582",
  "rk3576": "Rockchip RK3576",
  "rk3566": "Rockchip RK3566",
  "rk3568": "Rockchip RK3568",
  "rk3568j": "Rockchip RK3568J",
  "rk3562": "Rockchip RK3562",
  "rk3528": "Rockchip RK3528",
  "rk3528a": "Rockchip RK3528A",
  "rk3688": "Rockchip RK3688",
  "RK2918": "Rockchip RK2918",
  "RK2926": "Rockchip RK2926",
  "RK2928": "Rockchip RK2928",
  "RK3066": "Rockchip RK3066",
  "RK3026": "Rockchip RK3026",
  "RK3036": "Rockchip RK3036",
  "RK3126": "Rockchip RK3126",
  "RK3126C": "Rockchip RK3126C",
  "RK3128": "Rockchip RK3128",
  "RK3168": "Rockchip RK3168",
  "RK3188": "Rockchip RK3188",
  "RK3188t": "Rockchip RK3188T",
  "RK3226": "Rockchip RK3226",
  "RK3229": "Rockchip RK3226",
  "RK3288": "Rockchip RK3288",
  "RK3328": "Rockchip RK3328",
  "RK3368": "Rockchip RK3368",
  "RK3399": "Rockchip RK3399",
  "RK3326": "Rockchip RK3326",
  "RK3": "",
  "rk3": "",
  "Z8700": "Intel Atom x7",
  "Z8750": "Intel Atom x7",
  "Z8500": "Intel Atom x5",
  "Z8300": "Intel Atom x5",
  "Z8330": "Intel Atom x5",
  "Z8350": "Intel Atom x5",
  "Z8550": "Intel Atom x5",
  "C3445": "Intel Atom x3",
  "C3405": "Intel Atom x3",
  "C3230RK": "Intel Atom x3",
  "C3200RK": "Intel Atom x3",
  "C3130": "Intel Atom x3",
  "Z3795": "Intel Atom Z3795",
  "Z3785": "Intel Atom Z3785",
  "Z3775D": "Intel Atom Z3775D",
  "Z3775": "Intel Atom Z3775",
  "Z3770D": "Intel Atom Z3770D",
  "Z3770": "Intel Atom Z3770",
  "Z3745D": "Intel Atom Z3745D",
  "Z3745": "Intel Atom Z3745",
  "Z3740D": "Intel Atom Z3740D",
  "Z3740": "Intel Atom Z3740",
  "Z3736G": "Intel Atom Z3736G",
  "Z3736F": "Intel Atom Z3736F",
  "Z3735G": "Intel Atom Z3735G",
  "Z3735F": "Intel Atom Z3735F",
  "Z3735E": "Intel Atom Z3735E",
  "Z3735D": "Intel Atom Z3735D",
  "Z3580": "Intel Atom Z3580",
  "Z3570": "Intel Atom Z3570",
  "Z3560": "Intel Atom Z3560",
  "Z3530": "Intel Atom Z3530",
  "Z3590": "Intel Atom Z3590",
  "Z3480": "Intel Atom Z3480",
  "Z3460": "Intel Atom Z3460",
  "Z2760": "Intel Atom Z2760",
  "Z2580": "Intel Atom Z2580",
  "Z2560": "Intel Atom Z2560",
  "Z2520": "Intel Atom Z2520",
  "Z2480": "Intel Atom Z2480",
  "Z2460": "Intel Atom Z2460",
  "Z2420": "Intel Atom Z2420",
  "UMS9632": "Unisoc T9100",
  "UMS9621S": "UMS9621S",
  "UMS9620S": "UMS9620S",
  "UMS9360": "Unisoc T7300",
  "SC7731e": "SC7731E",
  "UIS7862A": "UIS7862A",
  "UWS6137": "UWS6137",
  "SC7731E": "SC7731E",
  "SC9863T": "SC9863T",
  "T615": "Unisoc T7250",
  "Unisoc SC9832e": "SC9832E",
  "T618": "Unisoc T618",
  "T618-Unisoc": "Unisoc T618",
  "T616": "Unisoc T7255",
  "T616-Unisoc": "Unisoc T7255",
  "Unisoc T612": "Unisoc T7225",
  "T612": "Unisoc T7225",
  "T820": "Unisoc T9100",
  "T612-Unisoc": "Unisoc T7225",
  "T610": "Unisoc T610",
  "T310": "Unisoc T310",
  "T610-Unisoc": "Unisoc T610",
  "T765": "Unisoc T8200",
  "T700-Unisoc": "Unisoc T700",
  "UMS9620": "Unisoc T8100",
  "UMS9230H": "Unisoc T7225",
  "Unisoc T606": "Unisoc T7200",
  "T606": "Unisoc T7200",
  "T603": "Unisoc T7100",
  "ums9230_25c10": "Unisoc T7200",
  "T7200": "Unisoc T7200",
  "ums512": "Unisoc T610",
  "ums312": "",
  "ums9230": "Unisoc T7200",
  "UMS9230E": "Unisoc T7200",
  "UMS9230": "Unisoc T7200",
  "SC9832E": "SC9832E",
  "sc8830": "SC8830",
  "SC9863A": "SC9863A",
  "SC9863a": "SC9863A",
  "8626": "Qualcomm Snapdragon\u2122 400",
  "8628": "Qualcomm Snapdragon\u2122 400",
  "8230": "Qualcomm Snapdragon\u2122 400",
  "8930": "Qualcomm Snapdragon\u2122 400",
  "8909": "Qualcomm Snapdragon\u2122 210",
  "8009": "Qualcomm Snapdragon\u2122 212",
  "8208": "Qualcomm Snapdragon\u2122 208",
  "8929": "Qualcomm Snapdragon\u2122 415",
  "8917": "Qualcomm Snapdragon\u2122 425",
  "SDM439": "Qualcomm Snapdragon\u2122 439",
  "8937": "Qualcomm Snapdragon\u2122 430",
  "8940": "Qualcomm Snapdragon\u2122 435",
  "8956": "Qualcomm Snapdragon\u2122 650",
  "MSM8976SG": "Qualcomm Snapdragon\u2122 653",
  "8976": "Qualcomm Snapdragon\u2122 652",
  "8905": "205",
  "8998": "Qualcomm Snapdragon\u2122 835",
  "8098": "Qualcomm Snapdragon\u2122 835",
  "8939": "Qualcomm Snapdragon\u2122 615",
  "8936": "Qualcomm Snapdragon\u2122 610",
  "8026": "Qualcomm Snapdragon\u2122 400",
  "8226": "Qualcomm Snapdragon\u2122 400",
  "8952": "Qualcomm Snapdragon\u2122 617",
  "8953": "Qualcomm Snapdragon\u2122 625",
  "8064": "Qualcomm Snapdragon\u2122 600",
  "8227": "Qualcomm Snapdragon\u2122 S4 Plus",
  "8920": "Qualcomm Snapdragon\u2122 427",
  "8630": "Qualcomm Snapdragon\u2122 S4 Plus",
  "8030": "Qualcomm Snapdragon\u2122 S4 Plus",
  "3470": "Samsung Exynos 3 Quad",
  "4210": "Samsung Exynos 4 Dual",
  "4212": "Samsung Exynos 4 Dual",
  "4412": "Samsung Exynos 4 Quad",
  "5250": "Samsung Exynos 5 Dual",
  "5420": "Samsung Exynos 5 Octa",
  "5422": "Samsung Exynos 5 Octa",
  "s5e3830": "Samsung Exynos 850",
  "exynos3830": "Samsung Exynos 850",
  "universal3830": "Samsung Exynos 850",
  "exynos850": "Samsung Exynos 850",
  "s5e8805": "Samsung Exynos 880",
  "exynos880": "Samsung Exynos 880",
  "EXYNOS880": "Samsung Exynos 880",
  "s5e9630": "Samsung Exynos 980",
  "exynos980": "Samsung Exynos 980",
  "universal980": "Samsung Exynos 980",
  "exynos990": "Samsung Exynos 990",
  "universal990": "Samsung Exynos 990",
  "exynos1080": "Samsung Exynos 1080",
  "universal1080": "Samsung Exynos 1080",
  "Exynos E1080": "Samsung Exynos 1080",
  "S5E8825": "Samsung Exynos 1280",
  "s5e8825": "Samsung Exynos 1280",
  "s5e8845": "Samsung Exynos 1480",
  "S5E9840": "Samsung Exynos 2100",
  "s5e9840": "Samsung Exynos 2100",
  "S5E9925": "Samsung Exynos 2200",
  "s5e9925": "Samsung Exynos 2200",
  "s5e9810": "Samsung Exynos 9810",
  "s5e9820": "Samsung Exynos 9820",
  "s5e9825": "Samsung Exynos 9825",
  "S5E9815": "Samsung Exynos 1080",
  "s5e9815": "Samsung Exynos 1080",
  "S5E8535": "Samsung Exynos 1330",
  "s5e8535": "Samsung Exynos 1330",
  "s5e8835": "Samsung Exynos 1380",
  "S5E8835": "Samsung Exynos 1380",
  "S5E9830": "Samsung Exynos 990",
  "s5e9830": "Samsung Exynos 990",
  "s5e9945": "Samsung Exynos 2400",
  "S5E9945": "Samsung Exynos 2400",
  "S5E9945e": "Samsung Exynos 2400e",
  "exynos2200": "Samsung Exynos 2200",
  "universal2200": "Samsung Exynos 2200",
  "Exynos 5410": "Samsung Exynos 5 Octa",
  "UNIVERSAL5410": "Samsung Exynos 5 Octa",
  "universal5410": "Samsung Exynos 5 Octa",
  "exynos5410": "Samsung Exynos 5 Octa",
  "5260": "Samsung Exynos 5 Hexa",
  "5430": "Samsung Exynos 5 Octa",
  "5433": "Samsung Exynos 7 Octa",
  "7420": "Samsung Exynos 7 Octa",
  "7580": "Samsung Exynos 7 Octa",
  "7870": "Samsung Exynos 7 Octa",
  "8890": "Samsung Exynos 8 Octa",
  "8895": "Samsung Exynos 9 Octa",
  "9810": "Samsung Exynos 9 Octa",
  "7872": "Samsung Exynos 5",
  "7874": "Samsung Exynos 7 Octa",
  "7885": "Samsung Exynos 7",
  "9610": "Samsung Exynos 7 Octa",
  "9820": "Samsung Exynos 9",
  "7904": "Samsung Exynos",
  "exynos7904": "Samsung Exynos 7904",
  "7880": "Samsung Exynos",
  "7570": "Samsung Exynos 7 Quad",
  "7270": "Samsung Exynos 7 Dual",
  "970": "Samsung Exynos 9",
  "universal9825": "Samsung Exynos 9825",
  "universal2100": "Samsung Exynos 2100",
  "exynos9825": "Samsung Exynos 9825",
  "exynos 9825": "Samsung Exynos 9825",
  "exynos2100": "Samsung Exynos 2100",
  "9611": "Samsung Exynos 9",
  "9609": "Samsung Exynos 7",
  "7884": "Samsung Exynos 7",
  "sun50": "",
  "A133": "A133",
  "A523": "A523",
  "A733": "A733",
  "ceres": "",
  "sun8iw11p1": "sun8iw11p1",
  "JLQ JR510": "JR510",
  "Unisoc": "",
  "PXA1801": "Marvell PXA1801",
  "PXA1088LTE": "Marvell PXA1088LTE",
  "PXA1088": "Marvell PXA1088",
  "PXA1L88": "Marvell PXA1L88",
  "PXA986": "Marvell PXA986",
  "PXA988": "Marvell PXA988",
  "PXA1908": "Marvell PXA1908",
  "PXA1928": "Marvell PXA1928",
  "PXA1936": "Marvell PXA1936",
  "T760": "Unisoc T8100",
  "N3050": "Intel\u00ae Celeron\u00ae Processor N3050",
  "sc": "",
  "SC": "",
  "ums": "",
  "T7": "",
  "T3": "",
  "T1": "",
  "rtd2851a": "Realtek RTD2851A",
  "rtd288o": "Realtek RTD288O",
  "A4-9120C": "",
  "cupid": "H616",
  "S905": "S905",
  "icx1298": "icx1298",
  "windows": "Unknown",
  "NPE": "Unknown"
}